Cod_Produto;Desc_Produto;Embalagem_Consolidada
253;SUKITA PET 1000ML 6 UNIDADES;PET 1000
329;SUKITA LATA 350ML 12 UNIDADES;LT 350
371;MALZBIER BRAHMA LONG NECK 355ML 24 UNIDADES;LN 355
503;SUKITA PET 2000ML 6 UNIDADES;PET 2000
504;PEPSI COLA PET 2000ML 6 UNIDADES;PET 2000
772;PEPSI COLA BAG 6000ML 1 UNIDADE;BAG 6000
798;CARLSBERG LONG NECK 355ML 12 UNIDADES;LN 355
827;CHOPP BRAHMA ESCURO BARRIL 30000ML 1 UNIDADE;BARRIL 30000
828;CHOPP BRAHMA CLARO BARRIL 30000ML 1 UNIDADE;BARRIL 30000
838;CHOPP BRAHMA CLARO BARRIL 50000ML 1 UNIDADE;BARRIL 50000
972;SKOL GARRAFA 300ML 12 UNIDADES;GFA 300
978;BRAHMA CHOPP GARRAFA 300ML 12 UNIDADES;GFA 300
982;SKOL GARRAFA 600ML 12 UNIDADES;GFA 600
988;BRAHMA CHOPP GARRAFA 600ML 12 UNIDADES;GFA 600
1166;SUKITA UVA PET 2000ML 6 UNIDADES;PET 2000
1388;SKOL GARRAFA 1000ML 12 UNIDADES;GFA 1000
1559;BRAHMA CHOPP GARRAFA 600ML 12 UNIDADES;GFA 600
1695;BRAHMA CHOPP GARRAFA 1000ML 12 UNIDADES;GFA 1000
1743;ANTARCTICA PILSEN GARRAFA 1000ML 12 UNIDADES;GFA 1000
1745;SKOL LATA 269ML 15 UNIDADES;LT 269
1898;BRAHMA CHOPP LATA 269ML 15 UNIDADES;LT 269
2006;ANTARCTICA SUBZERO GARRAFA 600ML 12 UNIDADES;GFA 600
2008;ANTARCTICA SUBZERO LATA 350ML 12 UNIDADES;LT 350
2132;GUARANA ANTARCTICA PET 1000ML 6 UNIDADES;PET 1000
2243;GUARANA ANTARCTICA BAG 6000ML 1 UNIDADE;BAG 6000
2248;SODA LIMONADA ANTARCTICA BAG 6000ML 1 UNIDADE;BAG 6000
2250;GUARANA ANTARCTICA ZERO BAG 6000ML 1 UNIDADE;BAG 6000
2349;GUARANA ANTARCTICA PET 2000ML 6 UNIDADES;PET 2000
2350;SODA LIMONADA ANTARCTICA PET 2000ML 6 UNIDADES;PET 2000
2353;GUARANA ANTARCTICA ZERO PET 2000ML 6 UNIDADES;PET 2000
2354;SODA LIMONADA ANTARCTICA DIET PET 2000ML 6 UNIDADES;PET 2000
2415;CHOPP ANTARCTICA BARRIL 30000ML 1 UNIDADE;BARRIL 30000
2416;CHOPP ANTARCTICA BARRIL 10000ML 1 UNIDADE;BARRIL 10000
2419;CHOPP ANTARCTICA BARRIL 50000ML 1 UNIDADE;BARRIL 50000
2532;ANTARCTICA PILSEN GARRAFA 300ML 12 UNIDADES;GFA 300
2538;ANTARCTICA PILSEN GARRAFA 600ML 12 UNIDADES;GFA 600
2544;EXTRA SERRAMALTE GARRAFA 600ML 12 UNIDADES;GFA 600
2546;ORIGINAL GARRAFA 600ML 12 UNIDADES;GFA 600
2548;BUDWEISER GARRAFA 600ML 12 UNIDADES;GFA 600
2585;GUARANA ANTARCTICA GARRAFA 1000ML 12 UNIDADES;GFA 1000
2842;KRONENBIER LONG NECK 355ML 12 UNIDADES;LN 355
2843;ANTARCTICA MALZEBIER LONG NECK 355ML 12 UNIDADES;LN 355
3803;BRAHMA CHOPP GARRAFA 300ML 24 UNIDADES;GFA 300
4141;PATAGONIA AMBER LAGER LATA 350ML 8 UNIDADES;LT 350
4157;TIAL SUCO PRONTO UVA CAIXA 1000ML 12 UNIDADES;CX 1000
4166;TIAL NECTAR DE UVA CAIXA 1000ML 12 UNIDADES;CX 1000
4177;TIAL NECTAR DE LARANJA CAIXA 1000ML 12 UNIDADES;CX 1000
4198;PATAGONIA IPA LATA 350ML 8 UNIDADES;LT 350
4217;TIAL NECTAR DE UVA CAIXA 330ML 12 UNIDADES;CX 330
4219;TIAL NECTAR DE PESSEGO CAIXA 330ML 12 UNIDADES;CX 330
4221;PATAGONIA IPA BARRIL 30000ML 1 UNIDADE;BARRIL 30000
4241;TIAL NECTAR DE LARANJA CAIXA 330ML 12 UNIDADES;CX 330
4247;MINALBA AGUA MINERAL C/GAS PET 1500ML 6 UNIDADES;PET 1500
4249;MINALBA AGUA MINERAL S/GAS PET 1500ML 6 UNIDADES;PET 1500
4254;MINALBA AGUA MINERAL C/GAS PET 510ML 12 UNIDADES;PET 510
4262;MICHELOB ULTRA LATA 350ML 8 UNIDADES;LT 350
4293;PEPSI BLACK PET 200ML 12 UNIDADES;PET 200
4311;MINALBA AGUA MINERAL S/GAS PET 510ML 12 UNIDADES;PET 510
4409;PEPSI TWIST PET 2000ML 6 UNIDADES;PET 2000
4436;GATORADE ABACAXI LATA 473ML 24 UNIDADES;LT 473
5081;GATORADE FIERCE UVA SILVESTRE LATA 473ML 24 UNIDADES;LT 473
5085;GATORADE FIERCE FRUTAS TROPICAIS LATA 473ML 24 UNIDADES;LT 473
5329;ANTARCTICA PILSEN LONG NECK 355ML 12 UNIDADES;LN 355
5331;ANTARCTICA PILSEN EXTRA CRISTAL LONG NECK 355ML 12 UNIDADES;LN 355
5332;SKOL BEATS LONG NECK 330ML 12 UNIDADES;LN 330
5333;BOHEMIA LONG NECK 355ML 12 UNIDADES;LN 355
6281;BOHEMIA ESCURA LONG NECK 355ML 24 UNIDADES;LN 355
7431;SUKITA BAG 6000ML 1 UNIDADE;BAG 6000
7498;PEPSI COLA LIGHT LATA 350ML 12 UNIDADES;LT 350
7703;PEPSI COLA PET 1000ML 6 UNIDADES;PET 1000
7860;BRAHMA GUARANA LATA 350ML 12 UNIDADES;LT 350
7945;PEPSI COLA PET 2500ML 6 UNIDADES;PET 2500
7947;GUARANA ANTARCTICA PET 2500ML 6 UNIDADES;PET 2500
7977;GATORADE UVA PET 500ML 6 UNIDADES;PET 500
7980;GATORADE TANGERINA PET 500ML 6 UNIDADES;PET 500
7981;GATORADE LARANJA PET 500ML 6 UNIDADES;PET 500
7982;GATORADE LIMÃO PET 500ML 6 UNIDADES;PET 500
7983;GATORADE MORANGO-MARACUJA PET 500ML 6 UNIDADES;PET 500
8037;CHOPP CLARO STELLA ARTOIS BARRIL 30000ML 1 UNIDADE;BARRIL 30000
8336;ORIGINAL GARRAFA 600ML 12 UNIDADES;GFA 600
8411;GUARANA ANTARCTICA PET 1500ML 6 UNIDADES;PET 1500
8413;GUARANA ANTARCTICA ZERO PET 1500ML 6 UNIDADES;PET 1500
8418;PEPSI COLA PET 1500ML 6 UNIDADES;PET 1500
8776;CHOPP BRAHMA BLACK BARRIL 30000ML 1 UNIDADE;BARRIL 30000
8791;H2OH LIMÃO C/GAS PET 500ML 12 UNIDADES;PET 500
8793;H2OH LIMÃO C/GAS PET 1500ML 6 UNIDADES;PET 1500
8919;GUARANA ANTARCTICA PET 600ML 12 UNIDADES;PET 600
8921;GUARANA ANTARCTICA ZERO PET 600ML 12 UNIDADES;PET 600
8923;PEPSI COLA PET 600ML 12 UNIDADES;PET 600
9067;ANTARCTICA PILSEN LATA 350ML 12 UNIDADES;LT 350
9068;SKOL LATA 350ML 12 UNIDADES;LT 350
9069;BRAHMA CHOPP LATA 350ML 12 UNIDADES;LT 350
9071;CARACU LATA 350ML 12 UNIDADES;LT 350
9072;BOHEMIA LATA 350ML 12 UNIDADES;LT 350
9081;MALZBIER BRAHMA LATA 350ML 12 UNIDADES;LT 350
9083;SKOL LATA 473ML 12 UNIDADES;LT 473
9084;GUARANA ANTARCTICA LATA 350ML 12 UNIDADES;LT 350
9085;GUARANA ANTARCTICA ZERO LATA 350ML 12 UNIDADES;LT 350
9087;SODA LIMONADA ANTARCTICA LATA 350ML 12 UNIDADES;LT 350
9089;SUKITA LATA 350ML 12 UNIDADES;LT 350
9091;TONICA ANTARCTICA LATA 350ML 12 UNIDADES;LT 350
9092;TONICA ANTARCTICA DIET LATA 350ML 12 UNIDADES;LT 350
9096;PEPSI COLA LATA 350ML 12 UNIDADES;LT 350
9274;PEPSI BLACK LATA 350ML 12 UNIDADES;LT 350
9276;PEPSI BLACK PET 2000ML 6 UNIDADES;PET 2000
9320;BRAHMA CHOPP LATA 473ML 12 UNIDADES;LT 473
9427;ANTARCTICA PILSEN LATA 473ML 12 UNIDADES;LT 473
9442;PEPSI TWIST BAG 6000ML 1 UNIDADE;BAG 6000
10452;ANTARCTICA PILSEN GARRAFA 300ML 24 UNIDADES;GFA 300
10627;AGUA M S LOURENCO C/GAS PET 300ML 12 UNIDADES;PET 300
10629;AGUA M S LOURENCO S/GAS PET 300ML 12 UNIDADES;PET 300
10631;AGUA MIN PUREZA VITAL C/GAS PET 510ML 12 UNIDADES;PET 510
10633;AGUA MIN PUREZA VITAL S/GAS PET 510ML 12 UNIDADES;PET 510
10635;AGUA MIN PUREZA VITAL S/GAS PET 1500ML 6 UNIDADES;PET 1500
10673;AGUA MIN PUREZA VITAL C/GAS PET 1500ML 6 UNIDADES;PET 1500
11103;H2OH CITRUS C/GAS PET 1500ML 6 UNIDADES;PET 1500
11108;BRAHMA CHOPP LATA 550ML 12 UNIDADES;LT 550
11110;SKOL LATA 550ML 12 UNIDADES;LT 550
11556;GUARANA ANTARCTICA ZERO PET 1000ML 6 UNIDADES;PET 1000
11559;SKOL GARRAFA 300ML 24 UNIDADES;GFA 300
11593;PEPSI COLA GARRAFA 1000ML 12 UNIDADES;GFA 1000
12948;BRAHMA CHOPP ZERO LATA 350ML 12 UNIDADES;LT 350
13061;H2OH LIMONETO PET 500ML 12 UNIDADES;PET 500
13065;H2OH LIMONETO PET 1500ML 6 UNIDADES;PET 1500
13486;FUSION PET 1000ML 6 UNIDADES;PET 1000
13566;BEATS SENSES LATA 269ML 8 UNIDADES;LT 269
13839;BUDWEISER LATA 269ML 8 UNIDADES;LT 269
14138;BEATS SENSES LATA 473ML 12 UNIDADES;LT 473
14340;ORIGINAL GARRAFA 300ML 12 UNIDADES;GFA 300
14550;COLORADO APPIA GARRAFA 600ML 12 UNIDADES;GFA 600
14610;WALS PETROLEUM GARRAFA 375ML 12 UNIDADES;GFA 375
14612;WALS QUADRUPPEL GARRAFA 375ML 12 UNIDADES;GFA 375
14620;COLORADO APPIA GARRAFA 600ML 12 UNIDADES;GFA 600
15190;PEPSI BLACK BAG 6000ML 1 UNIDADE;BAG 6000
15321;CHOPP COLORADO APPIA BARRIL 30000ML 1 UNIDADE;BARRIL 30000
15329;CHOPP COLORADO APPIA BARRIL 10000ML 1 UNIDADE;BARRIL 10000
17276;PATAGONIA AMBER LAGER LONG NECK 355ML 12 UNIDADES;LN 355
17326;CHOPP PATAGONIA AMBER LAGER BARRIL 30000ML 1 UNIDADE;BARRIL 30000
17678;SKOL LATA 350ML 18 UNIDADES;LT 350
17725;ANTARCTICA PILSEN LATA 350ML 18 UNIDADES;LT 350
17757;BECKS LONG NECK 330ML 24 UNIDADES;LN 330
17797;BRAHMA CHOPP LATA 350ML 18 UNIDADES;LT 350
17808;BUDWEISER LONG NECK 330ML 24 UNIDADES;LN 330
17874;WALS COCO BAMBU GARRAFA 600ML 12 UNIDADES;GFA 600
18152;GUARANA ANTARCTICA PET 200ML 12 UNIDADES;PET 200
18266;PEPSI COLA PET 200ML 12 UNIDADES;PET 200
18267;SODA LIMONADA ANTARCTICA PET 200ML 12 UNIDADES;PET 200
18268;SUKITA PET 200ML 12 UNIDADES;PET 200
18508;CHOPP GOOSE ISLAND MIDWAY NAC BARRIL 30000ML 1 UNIDADE;BARRIL 30000
18772;PATAGONIA AMBER LAGER GARRAFA 740ML 6 UNIDADES;GFA 740
18780;CORONITA EXTRA LONG NECK 210ML 24 UNIDADES;LN 210
18807;STELLA ARTOIS LONG NECK 330ML 24 UNIDADES;LN 330
18836;CORONA EXTRA LONG NECK 330ML 24 UNIDADES;LN 330
19164;GUARANA ANTARCTICA PET 1000ML 2 UNIDADES;PET 1000
19166;COLORADO LAGER GARRAFA 600ML 12 UNIDADES;GFA 600
19225;RED BULL BR LATA 250ML 24 UNIDADES;LT 250
19227;RED BULL BR LATA 355ML 4 UNIDADES;LT 355
19229;RED BULL BR LATA 250ML 6 UNIDADES;LT 250
19231;RED BULL SUGAR FREE BR LATA 250ML 4 UNIDADES;LT 250
19305;TONICA ANTARCTICA ZERO LATA 269ML 15 UNIDADES;LT 269
19310;ORIGINAL LATA 350ML 12 UNIDADES;LT 350
19321;GUARANA ANTARCTICA ZERO PET 200ML 12 UNIDADES;PET 200
19520;CHOPP COLORADO LAGER BARRIL 30000ML 1 UNIDADE;BARRIL 30000
19607;HOEGAARDEN LONG NECK 330ML 12 UNIDADES;LN 330
19729;STELLA ARTOIS LATA 350ML 8 UNIDADES;LT 350
20072;BECKS LATA 350ML 8 UNIDADES;LT 350
20329;BRAHMA DUPLO MALTE GARRAFA 600ML 12 UNIDADES;GFA 600
20498;BRAHMA DUPLO MALTE LATA 350ML 12 UNIDADES;LT 350
20530;STELLA ARTOIS GARRAFA 600ML 12 UNIDADES;GFA 600
20531;BECKS GARRAFA 600ML 12 UNIDADES;GFA 600
20533;BRAHMA DUPLO MALTE GARRAFA 1000ML 12 UNIDADES;GFA 1000
20535;STELLA ARTOIS GARRAFA 600ML 12 UNIDADES;GFA 600
20537;BECKS GARRAFA 600ML 12 UNIDADES;GFA 600
20603;ORIGINAL LATA 269ML 8 UNIDADES;LT 269
20647;BRAHMA DUPLO MALTE LATA 269ML 15 UNIDADES;LT 269
20651;CORONA EXTRA LATA 350ML 8 UNIDADES;LT 350
20853;COLORADO LAGER LATA 350ML 8 UNIDADES;LT 350
21020;BUDWEISER LATA 350ML 12 UNIDADES;LT 350
21119;BEATS GT LATA 269ML 8 UNIDADES;LT 269
21441;SUKITA LIMAO PET 2000ML 6 UNIDADES;PET 2000
21526;JOHNNIE WALKER RED LABEL GARRAFA 1000ML 1 UNIDADE;GFA 1000
21527;TANQUERAY GIN LONDON DRY GARRAFA 750ML 1 UNIDADE;GFA 750
21529;ABSOLUT ORIGINAL GARRAFA 1000ML 1 UNIDADE;GFA 1000
21530;SMIRNOFF ORIGINAL GARRAFA 998ML 1 UNIDADE;GFA 998
21539;JIM BEAM WHITE GARRAFA 1000ML 1 UNIDADE;GFA 1000
21658;SPATEN LATA 350ML 12 UNIDADES;LT 350
21666;RED BULL TROPICAL BR LATA 250ML 4 UNIDADES;LT 250
21668;SPATEN GARRAFA 600ML 12 UNIDADES;GFA 600
21778;JOHNNIE WALKER RED LABEL GARRAFA 750ML 1 UNIDADE;GFA 750
21779;VELHO BARREIRO GARRAFA 910ML 1 UNIDADE;GFA 910
21781;SMIRNOFF ICE LONG NECK 275ML 24 UNIDADES;LN 275
21788;BALLANTINES FINEST GARRAFA 1000ML 1 UNIDADE;GFA 1000
21789;ORLOFF GARRAFA 1000ML 1 UNIDADE;GFA 1000
21791;PIRASSUNUNGA 51 GARRAFA 965ML 1 UNIDADE;GFA 965
21792;WHITE HORSE GARRAFA 1000ML 1 UNIDADE;GFA 1000
21886;BEEFEATER LONDON DRY GARRAFA 750ML 1 UNIDADE;GFA 750
21892;NOVECENTO VINHO ARG MALBEC GARRAFA 750ML 6 UNIDADES;GFA 750
21894;NOVECENTO VINHO ARG CABERNET SAUVIGNON GARRAFA 750ML 6 UNIDADES;GFA 750
21898;NOVECENTO ESPUMANTE ARGENTINO BRUT GARRAFA 750ML 6 UNIDADES;GFA 750
21900;NOVECENTO ESPUMANTE ARGENTINO DULCE GARRAFA 750ML 6 UNIDADES;GFA 750
21922;MARTINI EXTRA DRY GARRAFA 750ML 1 UNIDADE;GFA 750
21955;CHIVAS REGAL 12 ANOS GARRAFA 1000ML 1 UNIDADE;GFA 1000
21956;BALLANTINES 12 YEARS GARRAFA 1000ML 1 UNIDADE;GFA 1000
21968;TRIDENT HORTELA ENVELOPE 8ML 21 UNIDADES;ENVELOPE 8
21970;TRIDENT MENTA ENVELOPE 8ML 21 UNIDADES;ENVELOPE 8
21973;TRIDENT MELANCIA ENVELOPE 8ML 21 UNIDADES;ENVELOPE 8
21974;TRIDENT TUTTI-FRUTTI ENVELOPE 8ML 21 UNIDADES;ENVELOPE 8
22003;HALLS CEREJA OUTROS 28ML 21 UNIDADES;OUTROS 28
22005;HALLS MENTA OUTROS 28ML 21 UNIDADES;OUTROS 28
22007;HALLS EXTRA FORTE OUTROS 28ML 21 UNIDADES;OUTROS 28
22009;CHICLETE ADAMS HORTELA CAIXA 2ML 100 UNIDADES;CX 2
22027;COLORADO APPIA LATA 350ML 8 UNIDADES;LT 350
22049;SELETA GARRAFA 600ML 1 UNIDADE;GFA 600
22051;BOAZINHA GARRAFA 600ML 1 UNIDADE;GFA 600
22106;MINI OREO PACOTE 35ML 10 UNIDADES;PACOTE 35
22147;CAMPARI GARRAFA 900ML 1 UNIDADE;GFA 900
22148;APEROL GARRAFA 750ML 1 UNIDADE;GFA 750
22177;BUDWEISER ZERO LATA 350ML 8 UNIDADES;LT 350
22180;BUDWEISER ZERO LONG NECK 330ML 24 UNIDADES;LN 330
22200;TONICA ANTARCTICA PET 1000ML 6 UNIDADES;PET 1000
22202;TONICA ANTARCTICA ZERO PET 1000ML 6 UNIDADES;PET 1000
22235;HOEGAARDEN LATA 269ML 8 UNIDADES;LT 269
22382;PASSPORT SELECTION GARRAFA 1000ML 1 UNIDADE;GFA 1000
22470;HEINZ KETCHUP PACOTE 397ML 1 UNIDADE;PACOTE 397
22545;COROTE COQUETEL LIMAO PET 500ML 12 UNIDADES;PET 500
22549;COROTE COQUETEL MORANGO PET 500ML 12 UNIDADES;PET 500
22551;COROTE COQUETEL TUTTI FRUTTI PET 500ML 12 UNIDADES;PET 500
22562;DOMECQ COQ. COMPOSTO GARRAFA 1000ML 1 UNIDADE;GFA 1000
22641;PRESIDENTE CONHAQ GARRAFA 900ML 1 UNIDADE;GFA 900
22835;COROTE CACHACA PET 500ML 12 UNIDADES;PET 500
23028;BUCHANANS WHISKY DELUXE 12 ANOS GARRAFA 1000ML 1 UNIDADE;GFA 1000
23029;JOHNNIE WALKER BLACK LABEL GARRAFA 1000ML 1 UNIDADE;GFA 1000
23030;JOHNNIE WALKER BLACK LABEL GARRAFA 750ML 1 UNIDADE;GFA 750
23163;SUKITA TUBAINA PET 2000ML 6 UNIDADES;PET 2000
23184;PITU AGUARDENTE LATA 350ML 12 UNIDADES;LT 350
23186;SPATEN GARRAFA 600ML 12 UNIDADES;GFA 600
23218;PATAGONIA IPA LONG NECK 355ML 12 UNIDADES;LN 355
23246;PIRACANJUBA LEITE CONDENSADO CAIXA 395ML 27 UNIDADES;CX 395
23256;PIRACANJUBA CREME DE LEITE CAIXA 200ML 27 UNIDADES;CX 200
23269;BEATS GT LONG NECK 269ML 24 UNIDADES;LN 269
23271;BEATS SENSES LONG NECK 269ML 24 UNIDADES;LN 269
23443;PITU AGUARDENTE GARRAFA 965ML 1 UNIDADE;GFA 965
23449;MIKES HARD LEMONADE N LATA 269ML 12 UNIDADES;LT 269
23560;DANTE ROBINO EXTRA BRUT GARRAFA 750ML 6 UNIDADES;GFA 750
23562;DANTE ROBINO CABERNET SAUVIGNON GARRAFA 750ML 6 UNIDADES;GFA 750
23564;DANTE ROBINO MALBEC GARRAFA 750ML 6 UNIDADES;GFA 750
23594;PIRAKIDS BEBIDA LACTEA CHOCOLATE CAIXA 200ML 27 UNIDADES;CX 200
23671;CERVEGELA PLASTICA BRAHMA OUTROS 208ML 3 UNIDADES;OUTROS 208
23672;CERVEGELA PLASTICA BRAHMA OUTROS 150ML 3 UNIDADES;OUTROS 150
23673;CERVEGELA PLASTICA SKOL OUTROS 208ML 3 UNIDADES;OUTROS 208
24168;MICHELOB ULTRA LONG NECK 330ML 24 UNIDADES;LN 330
24208;CHOPP SPATEN BARRIL 30000ML 1 UNIDADE;BARRIL 30000
24258;PETROPOLIS AGUA MIN S GAS PET 510ML 12 UNIDADES;PET 510
24304;TODDYNHO 200ML CAIXA 200ML 27 UNIDADES;CX 200
24306;RED BULL MELANCIA LATA 250ML 4 UNIDADES;LT 250
24318;KEROCOCO AGUAáDEáCOCO CAIXA 330ML 12 UNIDADES;CX 330
24346;MICHELOB ULTRA LATA 269ML 8 UNIDADES;LT 269
24486;GALLO AZEITE OLIVA EX. VIR. GARRAFA 500ML 1 UNIDADE;GFA 500
24491;GALLO AZEITE OLIVA TP UNICO GARRAFA 500ML 1 UNIDADE;GFA 500
24571;ORLOFF VODKA PET 1750ML 1 UNIDADE;PET 1750
24603;SAN PELLEGRINO AGUA C GAS GARRAFA 250ML 24 UNIDADES;GFA 250
24608;SAN PELLEGRINO AGUA C GAS GARRAFA 505ML 24 UNIDADES;GFA 505
24611;SAN PELLEGRINO AGUA C GAS GARRAFA 750ML 15 UNIDADES;GFA 750
24613;ACQUA PANNA S/G GARRAFA 505ML 24 UNIDADES;GFA 505
24641;PERRIER AGUA MIN C GAS GARRAFA 750ML 12 UNIDADES;GFA 750
24645;PERRIER AGUA MIN C GAS LONG NECK 330ML 24 UNIDADES;LN 330
24761;TIAL SUCO PRONTO 100 LARANJA CAIXA 1000ML 12 UNIDADES;CX 1000
24819;ORIGINAL GARRAFA 300ML 12 UNIDADES;GFA 300
25151;OLD PARR WHISKY GARRAFA 1000ML 1 UNIDADE;GFA 1000
25174;51 ICE BALADA LONG NECK 275ML 24 UNIDADES;LN 275
25176;51 ICE FRUIT MIX MORANGO + LARANJA LONG NECK 275ML 24 UNIDADES;LN 275
25178;51 ICE LIMAO LONG NECK 275ML 24 UNIDADES;LN 275
25180;51 ICE MARACUJA LONG NECK 275ML 24 UNIDADES;LN 275
25189;51 ICE KIWI LONG NECK 275ML 24 UNIDADES;LN 275
25263;COROTE COQUETEL PESSEGO PET 500ML 12 UNIDADES;PET 500
25299;GARRAFEIRA PL. PRETO BEES GARRAFEIRA 1600ML 1 UNIDADE;GARRAFEIRA 1600
25303;GARRAFEIRA PL. PRETO BEES GARRAFEIRA 1600ML 1 UNIDADE;GARRAFEIRA 1600
25700;FUSION PET 2000ML 6 UNIDADES;PET 2000
26204;SPATEN LATA 269ML 8 UNIDADES;LT 269
26505;ELMA CHIPS AMENDOIM OVINHO PACOTE 65ML 1 UNIDADE;PACOTE 65
26627;PITU AGUARDENTE GARRAFA 600ML 1 UNIDADE;GFA 600
26754;BRAHMA DUPLO MALTE GARRAFA 300ML 12 UNIDADES;GFA 300
26818;PITU LIMAO LATA 350ML 12 UNIDADES;LT 350
26929;YPIOCA CACHACA OURO  EMPALHADA GARRAFA 965ML 1 UNIDADE;GFA 965
26936;YPIOCA CONTA GOTAS GOLD GARRAFA 965ML 1 UNIDADE;GFA 965
26994;SMIRNOFF ORIGINAL GARRAFA 600ML 1 UNIDADE;GFA 600
27001;GORDONS GIN DRY GARRAFA 750ML 1 UNIDADE;GFA 750
27177;HALLS MENTOL OUTROS 28ML 21 UNIDADES;OUTROS 28
27179;HALLS MORANGO OUTROS 28ML 21 UNIDADES;OUTROS 28
27686;MIKES HARD LEMONADE N LONG NECK 275ML 24 UNIDADES;LN 275
27704;MIKES HARD LEMONADE PITAIA N LONG NECK 275ML 24 UNIDADES;LN 275
27825;DOMUS CONHAQUE GARRAFA 900ML 1 UNIDADE;GFA 900
27866;CORONA CERO LONG NECK 330ML 24 UNIDADES;LN 330
28214;MINALBA AGUA MINERAL S/GAS LATA 310ML 12 UNIDADES;LT 310
28216;MINALBA AGUA MINERAL C/GAS LATA 310ML 12 UNIDADES;LT 310
28512;PEPSI BLACK PET 1500ML 6 UNIDADES;PET 1500
28942;YPE AGUA SANITARIA FRASCO 1000ML 1 UNIDADE;FRASCO 1000
29040;YPE ASSOLAN ESPONJA LA ACO PACOTE 45ML 1 UNIDADE;PACOTE 45
29041;YPE ESPONJA SINT  MULTIUSO PACOTE 8ML 1 UNIDADE;PACOTE 8
29068;YPE MULTIUSO CLASSICO FRASCO 500ML 1 UNIDADE;FRASCO 500
29143;PEPSI BLACK PET 1000ML 6 UNIDADES;PET 1000
29197;TANG REFRESCO EM PO LIMAO PACOTE 18ML 18 UNIDADES;PACOTE 18
29199;TANG REFRESCO EM PO LARANJA PACOTE 18ML 18 UNIDADES;PACOTE 18
29201;TANG REFRESCO EM PO ABACAXI PACOTE 18ML 18 UNIDADES;PACOTE 18
29207;TANG REFRESCO EM PO MORANGO PACOTE 18ML 18 UNIDADES;PACOTE 18
29209;TANG REFRESCO EM PO MARACUJA PACOTE 18ML 18 UNIDADES;PACOTE 18
29215;TANG REFRESCO EM PO UVA PACOTE 18ML 18 UNIDADES;PACOTE 18
29230;CADEIRA MADEIRA DOBRAVEL ANTARCTICA ORG OUTROS 4500ML 4 UNIDADES;OUTROS 4500
29232;51 ICE MACA VERDE LONG NECK 275ML 24 UNIDADES;LN 275
29233;MESA MADEIRA DOBRAVEL ANTARCTICA ORG MESA 10000ML 1 UNIDADE;MESA 10000
29253;ORIGINAL GARRAFA 1000ML 12 UNIDADES;GFA 1000
29273;FARONI LOPEZ VINHO TINTO DEMISEC GARRAFA 750ML 1 UNIDADE;GFA 750
29334;MINALBA AGUA MINERAL S/GAS COPO 200ML 48 UNIDADES;COPO 200
29418;CERVEGELA BUDWEISER LITRAO OUTROS 1000ML 3 UNIDADES;OUTROS 1000
29493;GATORADE ZERO CAL LAR LIMA PET 350ML 12 UNIDADES;PET 350
29495;GATORADE ZERO CAL FRUTAS SILV PET 350ML 12 UNIDADES;PET 350
29505;CIROC VODKA GARRAFA 750ML 1 UNIDADE;GFA 750
29518;JOHNNIE WALKER WHISKY BLONDE GARRAFA 750ML 1 UNIDADE;GFA 750
29536;TANQUERAY GIN TONIC SEVILLA GARRAFA 700ML 1 UNIDADE;GFA 700
29580;STELLA ARTOIS PURE GOLD LONG NECK 330ML 24 UNIDADES;LN 330
29588;HEMMER MAIONESE RECEITA CASEIRA POTE 500ML 1 UNIDADE;POTE 500
29627;QUERO KETCHUP OUTROS 400ML 1 UNIDADE;OUTROS 400
29700;BUDWEISER GARRAFA 300ML 12 UNIDADES;GFA 300
29706;COROTE DRINKS ICE PINK SEX ON THE BEACH LONG NECK 275ML 12 UNIDADES;LN 275
29714;COROTE DRINKS ICE PINK LEMONADE LONG NECK 275ML 12 UNIDADES;LN 275
29718;COROTE DRINKS ICE LIMAO BEB ALC MISTA LONG NECK 275ML 12 UNIDADES;LN 275
29733;HALLS MELANCIA OUTROS 28ML 21 UNIDADES;OUTROS 28
29925;YPIOCA CACHACA PRATA SUAVE GARRAFA 965ML 1 UNIDADE;GFA 965
29974;BEATS GT LONG NECK 269ML 12 UNIDADES;LN 269
29991;BEATS SENSES LONG NECK 269ML 12 UNIDADES;LN 269
30045;RED BULL BR LATA 473ML 12 UNIDADES;LT 473
30134;VITARELLA BISC MAIZENA TRADICIONAL PACOTE 350ML 24 UNIDADES;PACOTE 350
30136;VITARELLA CREAM CRACKER TRADICIONAL PACOTE 350ML 24 UNIDADES;PACOTE 350
30868;COROTE COQUETEL MENTA PET 500ML 12 UNIDADES;PET 500
30870;COROTE COQUETEL MARACUJA PET 500ML 12 UNIDADES;PET 500
30878;YPE AMACIANTE TRADICIONAL ACONCHEGO FRASCO 2000ML 1 UNIDADE;FRASCO 2000
30942;SPATEN LONG NECK 330ML 24 UNIDADES;LN 330
30954;HEINZ KETCHUP SACHE 7ML 176 UNIDADES;SACHE 7
30955;HEINZ MAIONESE SACHE 7ML 176 UNIDADES;SACHE 7
31072;QUERO MOLHO DE PIMENTA FRASCO 150ML 1 UNIDADE;FRASCO 150
31108;MIKES GUARANA N LONG NECK 275ML 24 UNIDADES;LN 275
31123;HEINZ MOSTARDA SACHE 5ML 176 UNIDADES;SACHE 5
31226;TIAL SUCO DE UVA E MACA MC E JP HISTOR CAIXA 200ML 24 UNIDADES;CX 200
31228;TIAL SUCO DE LARANJA MC E JP HISTORIAS CAIXA 200ML 24 UNIDADES;CX 200
31272;FUSION LATA 473ML 12 UNIDADES;LT 473
31582;YPE LAVA LOUCAS LIQUIDO CLEAR FRASCO 500ML 24 UNIDADES;FRASCO 500
31595;YPE TIXAN LAVA ROUPAS PO PRIMAV CAIXA 800ML 20 UNIDADES;CX 800
31667;YPE LAVA LOUCAS LIQUIDO NEUTRO FRASCO 500ML 24 UNIDADES;FRASCO 500
31730;YPE TIXAN LAVA ROUPAS PO MACIEZ CAIXA 800ML 20 UNIDADES;CX 800
31766;YPE ASSOLAN ESPONJA LA ACO PACOTE 45ML 200 UNIDADES;PACOTE 45
31789;YPE AMACIANTE TRADICIONAL ACONCHEGO FRASCO 2000ML 6 UNIDADES;FRASCO 2000
31791;YPE MULTIUSO CLASSICO FRASCO 500ML 12 UNIDADES;FRASCO 500
31795;BRUTAL FRUIT LONG NECK 275ML 12 UNIDADES;LN 275
31865;YPE ESPONJA SINT  MULTIUSO PACOTE 8ML 60 UNIDADES;PACOTE 8
32067;GATORADE BERRY BLUE PET 500ML 6 UNIDADES;PET 500
32077;CROKISSIMO AMEND CROC LEV SALGADO PACOTE 90ML 1 UNIDADE;PACOTE 90
32079;CROKISSIMO AMEND CROC SALSA E CEBOLA PACOTE 90ML 1 UNIDADE;PACOTE 90
32084;MENDORATO AMENDOIM JAPONES PACOTE 70ML 1 UNIDADE;PACOTE 70
32095;BAILEYS LICOR ORIGINAL GARRAFA 750ML 1 UNIDADE;GFA 750
32118;AMINDUS AMENDOIM SALGADO PACOTE 100ML 1 UNIDADE;PACOTE 100
32122;SMIRNOFF VODKA N21 PET 1750ML 1 UNIDADE;PET 1750
32126;AMINDUS GRELHADITOS AMEND. TOR. S/ PELE PACOTE 24ML 60 UNIDADES;PACOTE 24
32128;PACOQUITA QUADRADA PACOTE 18ML 24 UNIDADES;PACOTE 18
32131;PACOQUITA ROLHA EMBALADA PACOTE 15ML 50 UNIDADES;PACOTE 15
32164;GUARAVITON NAT ACAI GGARRAFA PET 500ML 500ML 12 UNIDADES;GGARRAFA PET 500ML 500
32166;GUARAVITON GINSENG ZERO GGARRAFA PET 500ML 500ML 12 UNIDADES;GGARRAFA PET 500ML 500
32173;GUARAVITON NAT GINSENG GGARRAFA PET 500ML 500ML 12 UNIDADES;GGARRAFA PET 500ML 500
32175;CROKISSIMO AMEND CROC LEV SALGADO PACOTE 24ML 36 UNIDADES;PACOTE 24
32247;TROFEU SALGADINHO CHURRASCO PACOTE 40ML 20 UNIDADES;PACOTE 40
32256;OLD PARR WHISKY 18 ANOS GARRAFA 750ML 1 UNIDADE;GFA 750
32349;BEATS TROPICAL LATA 269ML 8 UNIDADES;LT 269
32361;BEATS TROPICAL LONG NECK 269ML 24 UNIDADES;LN 269
32362;MINALBA AGUA MINERAL S/GAS PET 5000ML 1 UNIDADE;PET 5000
32419;MIKES HARD LEMONADE TANGERINA N LONG NECK 275ML 24 UNIDADES;LN 275
32425;FUSION MELANCIA LATA 473ML 12 UNIDADES;LT 473
32427;FUSION TROPICAL LATA 473ML 12 UNIDADES;LT 473
32479;ACQUA PANNA S/G GARRAFA 250ML 6 UNIDADES;GFA 250
32481;PERRIER AGUA C GAS LONG NECK 330ML 4 UNIDADES;LN 330
32485;CHOPP BRAHMA LATA 350ML 8 UNIDADES;LT 350
32500;STELLA ARTOIS PURE GOLD LATA 350ML 8 UNIDADES;LT 350
32515;SAN PELLEGRINO AGUA C GAS GARRAFA 250ML 6 UNIDADES;GFA 250
32541;RENO VINHO TINTO GARRAFA 750ML 1 UNIDADE;GFA 750
32543;ALECRIM VINHO TINTO PORTUGAL GARRAFA 750ML 1 UNIDADE;GFA 750
32644;BUBBALOO UVA OUTROS 5ML 60 UNIDADES;OUTROS 5
32648;BUBBALOO MORANGO OUTROS 5ML 60 UNIDADES;OUTROS 5
32718;YPE ESPONJA SINT  MULTIUSO PACOTE 8ML 10 UNIDADES;PACOTE 8
32749;CORONA EXTRA GARRAFA 600ML 12 UNIDADES;GFA 600
32785;CORONA EXTRA GARRAFA 600ML 24 UNIDADES;GFA 600
32844;TIAL AGUA DE COCO CAIXA 330ML 12 UNIDADES;CX 330
32854;SMIRNOFF ICE LATA 269ML 24 UNIDADES;LT 269
32957;MIKES HARD LEMONADE N LONG NECK 275ML 12 UNIDADES;LN 275
32969;RED BULL SUMMER MORANGO E PESSEGO LATA 250ML 4 UNIDADES;LT 250
33212;BEATS SENSES PET 1000ML 6 UNIDADES;PET 1000
33214;DANTE ROBINO BONARDA GARRAFA 750ML 6 UNIDADES;GFA 750
33218;DANTE ROBINO LEGADO CABERNET SAUVIGNON GARRAFA 750ML 6 UNIDADES;GFA 750
33271;CACHACA 51 PIRASSUNUNGA GARRAFA 965ML 1 UNIDADE;GFA 965
33316;VITARELLA NIKITO REC CHOCOLATE PACOTE 120ML 36 UNIDADES;PACOTE 120
33318;VITARELLA NIKITO REC CHOC C MORANGO PACOTE 120ML 36 UNIDADES;PACOTE 120
33324;ORIGINAL LATA 269ML 15 UNIDADES;LT 269
33412;TORCIDA SALG DE TRIGO BACON PACOTE 60ML 24 UNIDADES;PACOTE 60
33426;TORCIDA SALG DE TRIGO QUEIJO PACOTE 60ML 24 UNIDADES;PACOTE 60
33428;TORCIDA SALG DE TRIGO CHURRASCO PACOTE 60ML 24 UNIDADES;PACOTE 60
33430;TORCIDA SALG DE TRIGO CEBOLA PACOTE 60ML 24 UNIDADES;PACOTE 60
33434;TORCIDA SALG TRIGO COSTELINHA C LIMAO PACOTE 60ML 24 UNIDADES;PACOTE 60
33436;TORCIDA SALG DE TRIGO PAO DE ALHO PACOTE 60ML 24 UNIDADES;PACOTE 60
33643;YPE TIXAN LAVA ROUPAS PO MACIEZ CAIXA 800ML 1 UNIDADE;CX 800
33734;BEATS RED MIX LATA 269ML 8 UNIDADES;LT 269
33738;BEATS RED MIX LONG NECK 269ML 12 UNIDADES;LN 269
33818;ORIGINAL LATA 350ML 12 UNIDADES;LT 350
33820;BRAHMA CHOPP LATA 350ML 12 UNIDADES;LT 350
33857;STELLA ARTOIS PURE GOLD GARRAFA 600ML 12 UNIDADES;GFA 600
33866;TIAL NECTAR MISTO UVA E PERA KIDS CAIXA 200ML 24 UNIDADES;CX 200
33878;TIAL NECTAR MISTO UVA E PERA CAIXA 1000ML 12 UNIDADES;CX 1000
33882;TIAL NECTAR MISTO UVA E PERA CAIXA 330ML 12 UNIDADES;CX 330
33933;TONICA ANTARCTICA INTENSE LATA 350ML 12 UNIDADES;LT 350
34233;PITU AGUARDENTE MEL E LIMAO LATA 350ML 12 UNIDADES;LT 350
34263;CORONA CERO LATA 350ML 8 UNIDADES;LT 350
34267;MONKEY NEW GOLD GARRAFA 750ML 1 UNIDADE;GFA 750
34271;MONKEY ICE SOUR LONG NECK 275ML 1 UNIDADE;LN 275
34272;MONKEY BANANA GARRAFA 750ML 1 UNIDADE;GFA 750
34296;TRIDENT CANELA ENVELOPE 8ML 21 UNIDADES;ENVELOPE 8
34298;TRIDENT MORANGO ENVELOPE 8ML 21 UNIDADES;ENVELOPE 8
34405;FLORESTAL BALA BRAZILIAN COFFEE PACOTE 500ML 1 UNIDADE;PACOTE 500
34410;HALLS UVA VERDE OUTROS 28ML 21 UNIDADES;OUTROS 28
34411;FLORESTAL FLOPI BALA LARANJA S AC OUTROS 480ML 1 UNIDADE;OUTROS 480
34413;FLORESTAL BALA MASTIG MOLE SORT PACOTE 500ML 1 UNIDADE;PACOTE 500
34417;FLORESTAL BALINHA CORAC MORANGO PACOTE 500ML 1 UNIDADE;PACOTE 500
34418;FLORESTAL FLOPI BALA FRUIT MIX S AC OUTROS 480ML 1 UNIDADE;OUTROS 480
34420;RED BULL SUMMER MARACUJA E MELAO LATA 250ML 4 UNIDADES;LT 250
34429;RED BULL SUGAR FREE AMORA LATA 250ML 4 UNIDADES;LT 250
34432;RED BULL TROPICAL BR LATA 473ML 12 UNIDADES;LT 473
34454;H2OH LIMONETO LATA 350ML 12 UNIDADES;LT 350
34459;FLORESTAL BALA BRAZILIAN COFFEE PACOTE 108ML 1 UNIDADE;PACOTE 108
34460;FLORESTAL BALINHA CORAC MORANGO PACOTE 108ML 1 UNIDADE;PACOTE 108
34512;MONKEY MINI KIT GARRAFA 250ML 1 UNIDADE;GFA 250
34608;SKOL LATA 350ML 12 UNIDADES;LT 350
34630;JOHNNIE WALKER BLONDE & LEMONADE LATA 269ML 24 UNIDADES;LT 269
34655;POP KISS PIRULITO CEREJA PACOTE 500ML 1 UNIDADE;PACOTE 500
34669;SMIRNOFF ICE TROPICAL LATA 269ML 24 UNIDADES;LT 269
34671;SMIRNOFF ICE GREEN APPLE LATA 269ML 24 UNIDADES;LT 269
34679;MENDORATO PACOTE 24ML 60 UNIDADES;PACOTE 24
34770;RED BULL SUGAR FREE POMELO LATA 250ML 4 UNIDADES;LT 250
34771;RED BULL SUGAR FREE POMELO LATA 250ML 24 UNIDADES;LT 250
34780;FLORESTAL BALA GOMA SININHOS PACOTE 150ML 1 UNIDADE;PACOTE 150
34782;FLORESTAL BALA GOMA BANANAS PACOTE 150ML 1 UNIDADE;PACOTE 150
34783;FLORESTAL BALA MASTIG MOLE SORT PACOTE 100ML 1 UNIDADE;PACOTE 100
34821;FLORESTAL BALA BOLINHA CANELA PACOTE 122ML 1 UNIDADE;PACOTE 122
34931;FLORESTAL BALA GOMA MINHOCAS AZ PACOTE 150ML 1 UNIDADE;PACOTE 150
34977;FLOPITO PIRULITO CORACAO VERMELHO PACOTE 120ML 1 UNIDADE;PACOTE 120
34979;FLOPITO PIRULITO FRUTAS PACOTE 120ML 1 UNIDADE;PACOTE 120
34981;FLOPITO PIRULITO FRUTAS PACOTE 400ML 1 UNIDADE;PACOTE 400
34982;FLOPITO PIRULITO CHICLE G TUTTI FRUTTI PACOTE 125ML 1 UNIDADE;PACOTE 125
35050;YPE AMACIANTE INTENSO FRASCO 2000ML 1 UNIDADE;FRASCO 2000
35108;CERVEGELA PLASTICA SPATEN OUTROS 0ML 3 UNIDADES;OUTROS 0
35113;FLYING FISH LONG NECK 330ML 24 UNIDADES;LN 330
35134;YPE SABAO BARRA NEUTRO PACOTE 800ML 1 UNIDADE;PACOTE 800
35176;CADEIRA MADEIRA DOBR SKOL OUTROS 4650ML 4 UNIDADES;OUTROS 4650
35222;CROQUES BATATA CHIPS PICANHA C BARBECUE PACOTE 45ML 10 UNIDADES;PACOTE 45
35228;CROQUES BATATA CHIPS COST C/ LIMAO PACOTE 45ML 10 UNIDADES;PACOTE 45
35230;CROQUES BATATA CHIPS LISA CREME CEBOLA PACOTE 45ML 10 UNIDADES;PACOTE 45
35231;CROQUES BATATA CHIPS FRANGO GRELHADO PACOTE 45ML 10 UNIDADES;PACOTE 45
35232;CROQUES BATATA CHIPS LISA NATURAL PACOTE 45ML 10 UNIDADES;PACOTE 45
35319;FLYING FISH LATA 350ML 12 UNIDADES;LT 350
35331;BUDWEISER GARRAFA 1000ML 12 UNIDADES;GFA 1000
35417;JOHNNIE WALKER GOLD RES ICONS ED LIM GARRAFA 750ML 1 UNIDADE;GFA 750
35555;XEQUE MATE B M G MATE RUM GUARANA LIMAO LATA 362ML 12 UNIDADES;LT 362
35559;MESA MADEIRA DOBRAVEL SKOL MESA 10600ML 1 UNIDADE;MESA 10600
35617;BEATS GREEN MIX LATA 269ML 8 UNIDADES;LT 269
35620;BEATS GREEN MIX LONG NECK 269ML 24 UNIDADES;LN 269
35623;BEATS GREEN MIX LONG NECK 269ML 12 UNIDADES;LN 269
35691;ELMA CHIPS CEBOLITOS PACOTE 45ML 1 UNIDADE;PACOTE 45
35736;ELMA CHIPS BACONZITOS PACOTE 42ML 1 UNIDADE;PACOTE 42
35750;ELMA CHIPS DORITOS NACHO PACOTE 32ML 1 UNIDADE;PACOTE 32
35762;ELMA CHIPS CHEETOS BOLA PACOTE 33ML 1 UNIDADE;PACOTE 33
35769;ELMA CHIPS CHEETOS LUA PACOTE 35ML 1 UNIDADE;PACOTE 35
35805;ELMA CHIPS STIKSY PACOTE 76ML 1 UNIDADE;PACOTE 76
35857;ELMA CHIPS CHEETOS ONDA REQUEIJAO PACOTE 40ML 1 UNIDADE;PACOTE 40
35858;ELMA CHIPS FANDANGOS PRESUNTO PACOTE 35ML 1 UNIDADE;PACOTE 35
35882;ELMA CHIPS BAT PALHA NA MESA TRAD PACOTE 100ML 1 UNIDADE;PACOTE 100
35888;ELMA CHIPS PINGO DOURO PICANHA PACOTE 55ML 1 UNIDADE;PACOTE 55
36015;SPATEN LONG NECK 330ML 12 UNIDADES;LN 330
36024;SKOL ZERO LONG NECK 330ML 24 UNIDADES;LN 330
36028;SKOL ZERO LATA 350ML 12 UNIDADES;LT 350
36050;FLORESTAL MARSHMALLOW FOFS TW AZ BR PACOTE 220ML 1 UNIDADE;PACOTE 220
36058;FLORESTAL MARSHMALLOW  FOF TW COLOR PACOTE 50ML 1 UNIDADE;PACOTE 50
36077;GUARANA ANTARCTICA ZERO + FIBRAS LATA 350ML 12 UNIDADES;LT 350
36241;GUARANA ANTARCTICA GARRAFA 300ML 12 UNIDADES;GFA 300
36242;GUARANA ANTARCTICA GARRAFA 300ML 24 UNIDADES;GFA 300
36280;BALLENA CREME MORANGO C TEQUILA GARRAFA 750ML 1 UNIDADE;GFA 750
36281;BALLENA CREME DE COCO COM TEQUILA GARRAFA 750ML 1 UNIDADE;GFA 750
36283;BALLENA CREME CHOC CARAM C TEQUILA GARRAFA 750ML 1 UNIDADE;GFA 750
36349;MONKEY RUBY GARRAFA 778ML 1 UNIDADE;GFA 778
36434;RED BULL ZERO BR LATA 250ML 4 UNIDADES;LT 250
36443;GATORADE MORANGO-MARACUJA PET 500ML 6 UNIDADES;PET 500
36446;GATORADE LARANJA PET 500ML 6 UNIDADES;PET 500
36448;CERESER SIDRA GARRAFA 660ML 1 UNIDADE;GFA 660
36479;CHUVA DE PRATA BRANCA GARRAFA 660ML 1 UNIDADE;GFA 660
36708;RED BULL MACA EDITION SUGARFREE LATA 250ML 4 UNIDADES;LT 250
36903;SMIRNOFF ICE GREEN APPLE LONG NECK 275ML 24 UNIDADES;LN 275
36905;SMIRNOFF ICE TROPICAL LONG NECK 275ML 24 UNIDADES;LN 275
36908;SMIRNOFF ICE RASPBERRY LONG NECK 275ML 24 UNIDADES;LN 275
37450;BUDWEISER LATA 350ML 12 UNIDADES;LT 350
37529;BOLACHA DE CHOPP BRAHMA OUTROS 3ML 500 UNIDADES;OUTROS 3
38067;TAMPICO REFRESCO UVA PET 2000ML 6 UNIDADES;PET 2000
38069;TAMPICO REFRESCO FRUTAS CITRICAS PET 2000ML 6 UNIDADES;PET 2000
38072;TAMPICO REFRESCO FRUTAS CITRICAS PET 450ML 15 UNIDADES;PET 450
38073;TAMPICO REFRESCO FRUTAS CITRICAS PET 1000ML 12 UNIDADES;PET 1000
38113;PORTA GARRAFEIRINHA CESTINHA PLAST 350ML 10 UNIDADES;CESTINHA PLAST 350
38115;PORTA GARRAFEIRINHA CESTINHA PLAST 350ML 10 UNIDADES;CESTINHA PLAST 350
38172;STELLA ARTOIS PURE GOLD GARRAFA 600ML 12 UNIDADES;GFA 600
38404;CORONA EXTRA LONG NECK 330ML 6 UNIDADES;LN 330
38405;BUDWEISER ZERO LONG NECK 330ML 6 UNIDADES;LN 330
38406;CORONA CERO LONG NECK 330ML 6 UNIDADES;LN 330
39025;MICHELOB ULTRA LONG NECK 330ML 6 UNIDADES;LN 330
39024;STELLA ARTOIS PURE GOLD LONG NECK 330ML 6 UNIDADES;LN 330
